<?xml version="1.0" encoding="UTF-8"?>

<beans xmlns="http://www.springframework.org/schema/beans"
    xmlns:xsi="http://www.w3.org/2001/XMLSchema-instance"
    xsi:schemaLocation="
        http://www.springframework.org/schema/beans http://www.springframework.org/schema/beans/spring-beans.xsd">

    <!-- bean definitions here -->
<bean class="com.cdac.entity.JavaTrainer" id="javaTrainer">
<constructor-arg name="name" value="Ms kajal"/>
<constructor-arg>
<list>
<value>OOP</value>
<value>Threads</value>
<value>Reflection</value>
</list>
</constructor-arg>
</bean>


<bean class="com.cdac.entity.MetNashik" id="met">
<constructor-arg name="trainer" ref="javaTrainer"/>
</bean>

<bean class="com.cdac.entity.PgDac" id="dac">
<constructor-arg name="center" ref="met"/>
</bean>
</beans>